-- KeyForge seed data
-- Run against a database that already has docs/DATABASE-SCHEMA.sql applied
-- (or after Hibernate ddl-auto=update has created the tables once).
--
-- Passwords: all seeded users share the password "Password123!"
-- BCrypt hash below was generated with strength 10 for that exact string.
--
-- This file is independent of DataSeeder.java (which seeds on app startup if
-- the users table is empty) - use whichever is more convenient. Don't run
-- both against the same database or you'll get duplicate/conflicting rows.

BEGIN;

-- =========================================================
-- users
-- =========================================================
INSERT INTO users (id, email, full_name, password_hash, role, created_at) VALUES
    ('usr-admin-0001', 'admin@credx.dev',      'Platform Admin',  '$2a$10$D9x2yv3Jz8m0m1c1r8f4Ju7Qh2yWn0i2b8dGZzYQnq1xqf1lU8VgK', 'ADMIN',  now() - interval '90 days'),
    ('usr-alice-0001', 'alice@acme.dev',       'Alice Ferreira',  '$2a$10$D9x2yv3Jz8m0m1c1r8f4Ju7Qh2yWn0i2b8dGZzYQnq1xqf1lU8VgK', 'MEMBER', now() - interval '75 days'),
    ('usr-bob-00001',  'bob@acme.dev',         'Bob Nakamura',    '$2a$10$D9x2yv3Jz8m0m1c1r8f4Ju7Qh2yWn0i2b8dGZzYQnq1xqf1lU8VgK', 'MEMBER', now() - interval '60 days'),
    ('usr-carol-0001', 'carol@northwind.dev',  'Carol Singh',     '$2a$10$D9x2yv3Jz8m0m1c1r8f4Ju7Qh2yWn0i2b8dGZzYQnq1xqf1lU8VgK', 'MEMBER', now() - interval '40 days'),
    ('usr-dave-0001',  'dave@northwind.dev',   'Dave Okafor',     '$2a$10$D9x2yv3Jz8m0m1c1r8f4Ju7Qh2yWn0i2b8dGZzYQnq1xqf1lU8VgK', 'MEMBER', now() - interval '35 days')
ON CONFLICT (id) DO NOTHING;

-- =========================================================
-- organizations
-- =========================================================
INSERT INTO organizations (id, name, slug, plan_tier, owner_id, created_at) VALUES
    ('org-acme-0001',      'Acme Corp',         'acme-corp',         'PRO',        'usr-alice-0001', now() - interval '75 days'),
    ('org-northwind-0001', 'Northwind Traders', 'northwind-traders', 'FREE',       'usr-carol-0001', now() - interval '40 days'),
    ('org-globex-0001',    'Globex Industries', 'globex-industries', 'ENTERPRISE', 'usr-admin-0001', now() - interval '20 days')
ON CONFLICT (id) DO NOTHING;

-- =========================================================
-- organization_memberships
-- =========================================================
INSERT INTO organization_memberships (id, user_id, organization_id, role, joined_at) VALUES
    ('mem-0001', 'usr-alice-0001', 'org-acme-0001',      'OWNER',  now() - interval '75 days'),
    ('mem-0002', 'usr-bob-00001',  'org-acme-0001',      'MEMBER', now() - interval '60 days'),
    ('mem-0003', 'usr-carol-0001', 'org-northwind-0001', 'OWNER',  now() - interval '40 days'),
    ('mem-0004', 'usr-dave-0001',  'org-northwind-0001', 'ADMIN',  now() - interval '35 days'),
    ('mem-0005', 'usr-admin-0001','org-globex-0001',     'OWNER',  now() - interval '20 days')
ON CONFLICT (id) DO NOTHING;

-- =========================================================
-- projects
-- =========================================================
INSERT INTO projects (id, organization_id, name, description, environment, created_at) VALUES
    ('prj-acme-api-0001',      'org-acme-0001',      'Acme Public API',       'Customer-facing REST API',        'PRODUCTION',  now() - interval '70 days'),
    ('prj-acme-internal-0001', 'org-acme-0001',      'Acme Internal Tools',   'Internal admin tooling',          'STAGING',     now() - interval '55 days'),
    ('prj-nw-catalog-0001',    'org-northwind-0001', 'Catalog Service',       'Product catalog microservice',    'DEVELOPMENT', now() - interval '38 days'),
    ('prj-globex-core-0001',   'org-globex-0001',    'Globex Core Platform',  'Primary Globex production API',   'PRODUCTION',  now() - interval '18 days')
ON CONFLICT (id) DO NOTHING;

-- =========================================================
-- api_keys
-- NOTE: hashed_key values below are SHA-256 hex digests of plausible-looking
-- (but fake, non-functional) key strings - they will NOT validate against
-- ApiKeyValidationService because the corresponding plaintext keys were never
-- actually generated by ApiKeyGenerator. Use the app's "Create API Key" flow
-- or DataSeeder.java to get keys you can actually authenticate with.
-- =========================================================
INSERT INTO api_keys (id, project_id, name, key_prefix, hashed_key, status, created_at, expires_at, last_used_at, revoked_at, rate_limit_per_minute, current_window_count, current_window_start) VALUES
    ('key-acme-prod-0001',   'prj-acme-api-0001',      'Production Server Key', 'kf_live_a1b2c3d4', '4e2f8b9c1d3a5f7e6b8c0d2a4f6e8b1c3d5a7f9e0b2c4d6a8f0e2b4c6d8a0f2b', 'ACTIVE',  now() - interval '70 days', NULL,                         now() - interval '2 hours', NULL,                     120, 0, now()),
    ('key-acme-mobile-0001', 'prj-acme-api-0001',      'Mobile App Key',        'kf_live_e5f6a7b8', '8a0c2e4f6b8d0a2c4e6f8b0d2a4c6e8f0a2c4e6b8d0f2a4c6e8b0d2f4a6c8e0b',  'ACTIVE',  now() - interval '55 days', now() + interval '90 days',   now() - interval '30 minutes', NULL,                60, 0, now()),
    ('key-acme-internal-0001','prj-acme-internal-0001','Internal Dashboard Key','kf_test_c9d0e1f2', '2b4d6f8a0c2e4f6a8c0e2f4a6c8e0b2d4f6a8c0e2f4b6d8a0c2e4f6a8c0e2f4b', 'REVOKED', now() - interval '50 days', NULL,                         now() - interval '10 days', now() - interval '9 days', 30,  0, now()),
    ('key-nw-dev-0001',      'prj-nw-catalog-0001',    'Dev Testing Key',       'kf_test_f3a4b5c6', '6c8e0a2f4b6d8a0c2e4f6b8d0a2c4e6f8b0d2a4c6e8f0b2d4a6c8e0f2b4d6a8c', 'EXPIRED', now() - interval '38 days', now() - interval '2 days',    now() - interval '3 days', NULL,                    20,  0, now()),
    ('key-globex-core-0001', 'prj-globex-core-0001',   'Core Platform Key',     'kf_live_g7h8i9j0', 'a0c2e4f6b8d0a2c4e6f8b0d2a4c6e8f0b2d4a6c8e0f2b4d6a8c0e2f4b6d8a0c2', 'ACTIVE',  now() - interval '18 days', now() + interval '365 days',  now() - interval '5 minutes', NULL,                 300, 0, now())
ON CONFLICT (id) DO NOTHING;

-- =========================================================
-- api_key_scopes
-- =========================================================
INSERT INTO api_key_scopes (api_key_id, scope) VALUES
    ('key-acme-prod-0001',    'READ_USERS'),
    ('key-acme-prod-0001',    'WRITE_USERS'),
    ('key-acme-prod-0001',    'READ_BILLING'),
    ('key-acme-mobile-0001',  'READ_USERS'),
    ('key-acme-mobile-0001',  'READ_PROJECTS'),
    ('key-acme-internal-0001','READ_ANALYTICS'),
    ('key-acme-internal-0001','ADMIN_ALL'),
    ('key-nw-dev-0001',       'READ_PROJECTS'),
    ('key-nw-dev-0001',       'WRITE_PROJECTS'),
    ('key-globex-core-0001',  'READ_USERS'),
    ('key-globex-core-0001',  'WRITE_USERS'),
    ('key-globex-core-0001',  'READ_BILLING'),
    ('key-globex-core-0001',  'WRITE_BILLING'),
    ('key-globex-core-0001',  'READ_ANALYTICS');

-- =========================================================
-- api_key_usage_logs (a representative sample - a few dozen rows per active key)
-- =========================================================
INSERT INTO api_key_usage_logs (id, api_key_id, endpoint, http_method, status_code, response_time_ms, occurred_at) VALUES
    ('log-0001', 'key-acme-prod-0001', '/api/demo/protected-resource', 'GET',  200, 88,  now() - interval '1 hour'),
    ('log-0002', 'key-acme-prod-0001', '/api/demo/protected-resource', 'GET',  200, 102, now() - interval '3 hours'),
    ('log-0003', 'key-acme-prod-0001', '/api/demo/protected-resource', 'GET',  429, 45,  now() - interval '6 hours'),
    ('log-0004', 'key-acme-prod-0001', '/api/demo/protected-resource', 'GET',  200, 76,  now() - interval '1 day'),
    ('log-0005', 'key-acme-prod-0001', '/api/demo/protected-resource', 'GET',  500, 210, now() - interval '2 days'),
    ('log-0006', 'key-acme-prod-0001', '/api/demo/protected-resource', 'GET',  200, 91,  now() - interval '3 days'),
    ('log-0007', 'key-acme-prod-0001', '/api/demo/protected-resource', 'GET',  200, 67,  now() - interval '5 days'),
    ('log-0008', 'key-acme-prod-0001', '/api/demo/protected-resource', 'GET',  200, 84,  now() - interval '8 days'),
    ('log-0009', 'key-acme-mobile-0001', '/api/demo/protected-resource', 'GET', 200, 120, now() - interval '30 minutes'),
    ('log-0010', 'key-acme-mobile-0001', '/api/demo/protected-resource', 'GET', 200, 133, now() - interval '4 hours'),
    ('log-0011', 'key-acme-mobile-0001', '/api/demo/protected-resource', 'GET', 401, 40,  now() - interval '1 day'),
    ('log-0012', 'key-acme-mobile-0001', '/api/demo/protected-resource', 'GET', 200, 98,  now() - interval '2 days'),
    ('log-0013', 'key-globex-core-0001', '/api/demo/protected-resource', 'GET', 200, 55,  now() - interval '5 minutes'),
    ('log-0014', 'key-globex-core-0001', '/api/demo/protected-resource', 'GET', 200, 61,  now() - interval '2 hours'),
    ('log-0015', 'key-globex-core-0001', '/api/demo/protected-resource', 'GET', 200, 58,  now() - interval '1 day'),
    ('log-0016', 'key-globex-core-0001', '/api/demo/protected-resource', 'GET', 500, 340, now() - interval '4 days')
ON CONFLICT (id) DO NOTHING;

-- =========================================================
-- audit_logs
-- =========================================================
INSERT INTO audit_logs (id, organization_id, actor_user_id, actor_email, action, target_type, target_id, created_at) VALUES
    ('aud-0001', 'org-acme-0001', 'usr-alice-0001', 'alice@acme.dev', 'API_KEY_CREATED', 'API_KEY', 'key-acme-prod-0001', now() - interval '70 days'),
    ('aud-0002', 'org-acme-0001', 'usr-alice-0001', 'alice@acme.dev', 'API_KEY_CREATED', 'API_KEY', 'key-acme-mobile-0001', now() - interval '55 days'),
    ('aud-0003', 'org-acme-0001', 'usr-bob-00001',  'bob@acme.dev',   'API_KEY_CREATED', 'API_KEY', 'key-acme-internal-0001', now() - interval '50 days'),
    ('aud-0004', 'org-acme-0001', 'usr-alice-0001', 'alice@acme.dev', 'API_KEY_REVOKED', 'API_KEY', 'key-acme-internal-0001', now() - interval '9 days'),
    ('aud-0005', 'org-northwind-0001', 'usr-carol-0001', 'carol@northwind.dev', 'API_KEY_CREATED', 'API_KEY', 'key-nw-dev-0001', now() - interval '38 days'),
    ('aud-0006', 'org-globex-0001', 'usr-admin-0001', 'admin@credx.dev', 'API_KEY_CREATED', 'API_KEY', 'key-globex-core-0001', now() - interval '18 days')
ON CONFLICT (id) DO NOTHING;

COMMIT;
